Serial,Edition,Code,Count
1,Golden Jubilee,7rRlT6,6
2,Golden Jubilee,zPJXtn,6
3,Golden Jubilee,G9t4i1,6
4,Golden Jubilee,e7P08J,6
5,Golden Jubilee,UewAmc,6
6,Golden Jubilee,eTzToW,6
7,Golden Jubilee,CL6IR9,6
8,Golden Jubilee,UqXHYx,6
9,Golden Jubilee,CZ1tmM,6
10,Golden Jubilee,0vkGhb,6
11,Golden Jubilee,O5aCp5,6
12,Golden Jubilee,3hocAh,6
13,Golden Jubilee,aZPcgS,6
14,Golden Jubilee,itI2ym,6
15,Golden Jubilee,mhMXhM,6
16,Golden Jubilee,2J0dc1,6
17,Golden Jubilee,E9KNhj,6
18,Golden Jubilee,hrkIBI,6
19,Golden Jubilee,itfE06,6
20,Golden Jubilee,Jd4Vfe,6
21,Golden Jubilee,ICZ737,6
22,Golden Jubilee,FmBoBs,6
23,Golden Jubilee,p6rYlo,6
24,Golden Jubilee,UChzwv,6
25,Golden Jubilee,n3yJGW,6
26,Golden Jubilee,GVIHuw,6
27,Golden Jubilee,gaWLNB,6
28,Golden Jubilee,zoWwCa,6
29,Golden Jubilee,tfE1I8,6
30,Golden Jubilee,jg6BuN,6
31,Golden Jubilee,ty0BXQ,6
32,Golden Jubilee,Jqo8IH,6
33,Golden Jubilee,4wWrCG,6
34,Golden Jubilee,vmU2F6,6
35,Golden Jubilee,NMQxl4,6
36,Golden Jubilee,D4RcUV,6
37,Golden Jubilee,EiAQaf,6
38,Golden Jubilee,7kt1cs,6
39,Golden Jubilee,0zAQFL,6
40,Golden Jubilee,aV2zUE,6
41,Golden Jubilee,dgMceM,6
42,Golden Jubilee,ff3E67,6
43,Golden Jubilee,iZ0qSM,6
44,Golden Jubilee,lUyW0c,6
45,Golden Jubilee,hkmJgm,6
46,Golden Jubilee,uWGupy,6
47,Golden Jubilee,kFDx67,6
48,Golden Jubilee,ZRjspO,6
49,Golden Jubilee,oNVuq2,6
50,Golden Jubilee,wrmpnu,6
51,Golden Jubilee,PBazXS,6
52,Golden Jubilee,CXnFEH,6
53,Golden Jubilee,Sm3vj0,6
54,Golden Jubilee,wpWULI,6
55,Golden Jubilee,QV73rl,6
56,Golden Jubilee,EhrNHe,6
57,Golden Jubilee,ZLti0o,6
58,Golden Jubilee,3PpVeU,6
59,Golden Jubilee,CM4iG2,6
60,Golden Jubilee,nZWK9o,6
61,Golden Jubilee,5Ul47e,6
62,Golden Jubilee,Da9qQG,6
63,Golden Jubilee,s8lGs2,6
64,Golden Jubilee,zh6AWJ,6
65,Golden Jubilee,k4P6m4,6
66,Golden Jubilee,ZcKwo1,6
67,Golden Jubilee,omtbE5,6
68,Golden Jubilee,pKOCMK,6
69,Golden Jubilee,xvSaZc,6
70,Golden Jubilee,UjH6Au,6
71,Golden Jubilee,z5buJB,6
72,Golden Jubilee,T5wCNc,6
73,Golden Jubilee,ZUtL1r,6
74,Golden Jubilee,MILiBf,6
75,Golden Jubilee,OogSuN,6
76,Golden Jubilee,Q4Z4sS,6
77,Golden Jubilee,451JjJ,6
78,Golden Jubilee,pnqh6U,6
79,Golden Jubilee,gnQiv2,6
80,Golden Jubilee,95MK9J,6
81,Golden Jubilee,cfZuAK,6
82,Golden Jubilee,8vFptF,6
83,Golden Jubilee,1uMloc,6
84,Golden Jubilee,udOPgf,6
85,Golden Jubilee,By8ko2,6
86,Golden Jubilee,nvOldQ,6
87,Golden Jubilee,zwrIRq,6
88,Golden Jubilee,bjBVni,6
89,Golden Jubilee,MxX1CM,6
90,Golden Jubilee,5dUNBq,6
91,Golden Jubilee,RWRQt0,6
92,Golden Jubilee,WGGSkv,6
93,Golden Jubilee,BesGK1,6
94,Golden Jubilee,Afifwv,6
95,Golden Jubilee,8ztbnD,6
96,Golden Jubilee,vjavnA,6
97,Golden Jubilee,WDL5SB,6
98,Golden Jubilee,ob6KQE,6
99,Golden Jubilee,I2uJMW,6
100,Golden Jubilee,pcpKTL,6
101,Golden Jubilee,yBZRtj,6
102,Golden Jubilee,qYyyLE,6
103,Golden Jubilee,RPVXyI,6
104,Golden Jubilee,JSnPoW,6
105,Golden Jubilee,7hgvs4,6
106,Golden Jubilee,oeKMl4,6
107,Golden Jubilee,4AzBuw,6
108,Golden Jubilee,tlNchM,6
109,Golden Jubilee,q1yaMb,6
110,Golden Jubilee,BztUGR,6
111,Golden Jubilee,yh0CvH,6
112,Golden Jubilee,qN5QUl,6
113,Golden Jubilee,o7qhRd,6
114,Golden Jubilee,7wyOlY,6
115,Golden Jubilee,1qzfeS,6
116,Golden Jubilee,AgNddd,6
117,Golden Jubilee,mzuQXC,6
118,Golden Jubilee,A21veC,6
119,Golden Jubilee,JuQ9pL,6
120,Golden Jubilee,Hkh8OJ,6
121,Golden Jubilee,4fy9SY,6
122,Golden Jubilee,vNopv8,6
123,Golden Jubilee,ooSh04,6
124,Golden Jubilee,8VRGFS,6
125,Golden Jubilee,rjrI4t,6
126,Golden Jubilee,BbpNFU,6
127,Golden Jubilee,UYCd2W,6
128,Golden Jubilee,chwliR,6
129,Golden Jubilee,uFYxZM,6
130,Golden Jubilee,UOlyOa,6
131,Golden Jubilee,QYII8R,6
132,Golden Jubilee,KfPBGv,6
133,Golden Jubilee,zCeanc,6
134,Golden Jubilee,dA43lq,6
135,Golden Jubilee,7umQ5U,6
136,Golden Jubilee,GQmQke,6
137,Golden Jubilee,uv5rRI,6
138,Golden Jubilee,ypOPaI,6
139,Golden Jubilee,4oR68o,6
140,Golden Jubilee,G1pqQB,6
141,Golden Jubilee,9JJqci,6
142,Golden Jubilee,O6Lzm1,6
143,Golden Jubilee,iHU28g,6
144,Golden Jubilee,xoE60y,6
145,Golden Jubilee,TFq6JF,6
146,Golden Jubilee,zv6LQq,6
147,Golden Jubilee,Kj1AQa,6
148,Golden Jubilee,LABpfV,6
149,Golden Jubilee,Dh0o04,6
150,Golden Jubilee,eoQBgv,6
151,Golden Jubilee,C5UrJB,6
152,Golden Jubilee,uDEHIj,6
153,Golden Jubilee,ELfXrM,6
154,Golden Jubilee,XlRZgl,6
155,Golden Jubilee,P1ri2E,6
156,Golden Jubilee,HTTcCZ,6
157,Golden Jubilee,iKHvZj,6
158,Golden Jubilee,uz6whi,6
159,Golden Jubilee,XqDySl,6
160,Golden Jubilee,5r6OqP,6
161,Golden Jubilee,LUPL42,6
162,Golden Jubilee,38A8XF,6
163,Golden Jubilee,z2aiin,6
164,Golden Jubilee,M0jdF9,6
165,Golden Jubilee,5Qt7aJ,6
166,Golden Jubilee,NRGhkk,6
167,Golden Jubilee,VJH9ZD,6
168,Golden Jubilee,NDk3jk,6
169,Golden Jubilee,nNabUF,6
170,Golden Jubilee,3XjcFF,6
171,Golden Jubilee,1ybghs,6
172,Golden Jubilee,HxBrua,6
173,Golden Jubilee,6VKBKH,6
174,Golden Jubilee,38lrGJ,6
175,Golden Jubilee,Om52o4,6
176,Golden Jubilee,032ZMI,6
177,Golden Jubilee,Gex2jB,6
178,Golden Jubilee,yXGCUr,6
179,Golden Jubilee,XtA2cf,6
180,Golden Jubilee,J8nOQx,6
181,Golden Jubilee,gKCR33,6
182,Golden Jubilee,O3TfsN,6
183,Golden Jubilee,9keXOp,6
184,Golden Jubilee,Svd1zY,6
185,Golden Jubilee,zsSwiy,6
186,Golden Jubilee,wMEKQr,6
187,Golden Jubilee,T8upHh,6
188,Golden Jubilee,9Lmt39,6
189,Golden Jubilee,8t5uDI,6
190,Golden Jubilee,22zVN8,6
191,Golden Jubilee,W55SWl,6
192,Golden Jubilee,N3VcQs,6
193,Golden Jubilee,gBJTNX,6
194,Golden Jubilee,ITDn8R,6
195,Golden Jubilee,7Mfzza,6
196,Golden Jubilee,YxzzLf,6
197,Golden Jubilee,qrQ7fN,6
198,Golden Jubilee,tmtBEG,6
199,Golden Jubilee,PEPejS,6
200,Golden Jubilee,uCKRNz,6
201,Golden Jubilee,O8ceEK,6
202,Golden Jubilee,4szbc7,6
203,Golden Jubilee,wuj9VF,6
204,Golden Jubilee,09c8eF,6
205,Golden Jubilee,uJkuf2,6
206,Golden Jubilee,b6rdZw,6
207,Golden Jubilee,4eOfaP,6
208,Golden Jubilee,4dtrus,6
209,Golden Jubilee,Yzanv0,6
210,Golden Jubilee,p3k7hd,6
211,Golden Jubilee,TLhOZO,6
212,Golden Jubilee,3jjlJX,6
213,Golden Jubilee,QbS4Mi,6
214,Golden Jubilee,jZ6j2e,6
215,Golden Jubilee,oc9Gw1,6
216,Golden Jubilee,HqsvJJ,6
217,Golden Jubilee,aEDBhB,6
218,Golden Jubilee,ixFh0m,6
219,Golden Jubilee,mSGuP0,6
220,Golden Jubilee,QSRpaX,6
221,Golden Jubilee,uS6Ol6,6
222,Golden Jubilee,hQ1g1t,6
223,Golden Jubilee,QjlZwD,6
224,Golden Jubilee,auZKwN,6
225,Golden Jubilee,ZvBKAf,6
226,Golden Jubilee,H781jF,6
227,Golden Jubilee,1O2zlu,6
228,Golden Jubilee,GKFz36,6
229,Golden Jubilee,PUjDx3,6
230,Golden Jubilee,EtfXce,6
231,Golden Jubilee,I8YF88,6
232,Golden Jubilee,KaOqf9,6
233,Golden Jubilee,aQtYLb,6
234,Golden Jubilee,i2BLAp,6
235,Golden Jubilee,F09ItD,6
236,Golden Jubilee,Ly51Pz,6
237,Golden Jubilee,ORzt02,6
238,Golden Jubilee,N9vGzn,6
239,Golden Jubilee,j3fMXN,6
240,Golden Jubilee,LjD0sZ,6
241,Golden Jubilee,kouvDr,6
242,Golden Jubilee,tKekFq,6
243,Golden Jubilee,zFTx6T,6
244,Golden Jubilee,p3Cqzp,6
245,Golden Jubilee,opyalC,6
246,Golden Jubilee,B1SLGi,6
247,Golden Jubilee,0ss88K,6
248,Golden Jubilee,Uxux6X,6
249,Golden Jubilee,lPABqr,6
250,Golden Jubilee,AFiyWI,6
251,Golden Jubilee,LswGUD,6
252,Golden Jubilee,QrxcEf,6
253,Golden Jubilee,PzdkM7,6
254,Golden Jubilee,gU8sjX,6
255,Golden Jubilee,K3ikjK,6
256,Golden Jubilee,cmDXMx,6
257,Golden Jubilee,QViHUE,6
258,Golden Jubilee,GoZoRt,6
259,Golden Jubilee,aoJ443,6
260,Golden Jubilee,ptw2XW,6
261,Golden Jubilee,Im3gY6,6
262,Golden Jubilee,i2NR6Z,6
263,Golden Jubilee,R7p4yB,6
264,Golden Jubilee,YBKWpD,6
265,Golden Jubilee,lWO5aw,6
266,Golden Jubilee,M2vrnM,6
267,Golden Jubilee,yytVKe,6
268,Golden Jubilee,C8dXbe,6
269,Golden Jubilee,R8r6z8,6
270,Golden Jubilee,wXQtlM,6
271,Golden Jubilee,bjw72h,6
272,Golden Jubilee,8nuNAm,6
273,Golden Jubilee,nR7S0S,6
274,Golden Jubilee,WKyXHo,6
275,Golden Jubilee,xOwa6I,6
276,Golden Jubilee,2o25YO,6
277,Golden Jubilee,PmuzlQ,6
278,Golden Jubilee,H1hCSX,6
279,Golden Jubilee,3qt6cL,6
280,Golden Jubilee,pT6vCj,6
281,Golden Jubilee,kVobUZ,6
282,Golden Jubilee,FfVuIi,6
283,Golden Jubilee,B4m6ch,6
284,Golden Jubilee,DGkqxY,6
285,Golden Jubilee,RXxHXR,6
286,Golden Jubilee,jJ8Tcr,6
287,Golden Jubilee,PMnTPc,6
288,Golden Jubilee,AEBtiK,6
289,Golden Jubilee,Z61sXy,6
290,Golden Jubilee,nOrEgf,6
291,Golden Jubilee,ggK0QX,6
292,Golden Jubilee,Ue0yqx,6
293,Golden Jubilee,q15QxW,6
294,Golden Jubilee,CRG2lM,6
295,Golden Jubilee,0594oM,6
296,Golden Jubilee,Qszsx6,6
297,Golden Jubilee,dS5eht,6
298,Golden Jubilee,TVRaKV,6
299,Golden Jubilee,5mamIh,6
300,Golden Jubilee,yz95j3,6
301,Golden Jubilee,ysH476,6
302,Golden Jubilee,MugxA4,6
303,Golden Jubilee,WLfLDb,6
304,Golden Jubilee,xVpS2L,6
305,Golden Jubilee,wStyKn,6
306,Golden Jubilee,1vCmio,6
307,Golden Jubilee,htsePJ,6
308,Golden Jubilee,9oe9cU,6
309,Golden Jubilee,utp0XU,6
310,Golden Jubilee,UmZbNL,6
311,Golden Jubilee,kvIM7e,6
312,Golden Jubilee,7D8AeH,6
313,Golden Jubilee,16oXsX,6
314,Golden Jubilee,urbC4f,6
315,Golden Jubilee,y9Zlna,6
316,Golden Jubilee,bQbjun,6
317,Golden Jubilee,JqDjPJ,6
318,Golden Jubilee,ODpoGq,6
319,Golden Jubilee,mt29sQ,6
320,Golden Jubilee,f28l24,6
321,Golden Jubilee,X3YCKe,6
322,Golden Jubilee,aUm6QI,6
323,Golden Jubilee,uVuFVI,6
324,Golden Jubilee,oeFmH9,6
325,Golden Jubilee,UzBwHV,6
326,Golden Jubilee,mwATz5,6
327,Golden Jubilee,vJhZab,6
328,Golden Jubilee,c9UA1X,6
329,Golden Jubilee,oZEZWC,6
330,Golden Jubilee,ytR95D,6
331,Golden Jubilee,XyIkMV,6
332,Golden Jubilee,GWzP33,6
333,Golden Jubilee,gAEgCI,6
334,Golden Jubilee,9U0RzB,6
335,Golden Jubilee,aQV761,6
336,Golden Jubilee,wctUmD,6
337,Golden Jubilee,wbZbCY,6
338,Golden Jubilee,3JmQtV,6
339,Golden Jubilee,TBpIBL,6
340,Golden Jubilee,OLkX33,6
341,Golden Jubilee,GGtXeC,6
342,Golden Jubilee,YhZG4v,6
343,Golden Jubilee,TLuLWr,6
344,Golden Jubilee,JX5kMc,6
345,Golden Jubilee,Yh2Ixb,6
346,Golden Jubilee,5x64Fy,6
347,Golden Jubilee,wlvgRv,6
348,Golden Jubilee,TOG7eX,6
349,Golden Jubilee,fKTDZb,6
350,Golden Jubilee,4e8eKR,6
351,Golden Jubilee,5L9SLh,6
352,Golden Jubilee,PswtVg,6
353,Golden Jubilee,GzQ4Gr,6
354,Golden Jubilee,FpjmFT,6
355,Golden Jubilee,j4MCXs,6
356,Golden Jubilee,CkRSUA,6
357,Golden Jubilee,IkGya5,6
358,Golden Jubilee,ApVd3x,6
359,Golden Jubilee,SLJbjH,6
360,Golden Jubilee,TOZIgc,6
361,Golden Jubilee,R7ahGx,6
362,Golden Jubilee,u5NBat,6
363,Golden Jubilee,Wpo3nN,6
364,Golden Jubilee,tTnLrX,6
365,Golden Jubilee,OLrocL,6
366,Golden Jubilee,cyYgwl,6
367,Golden Jubilee,T00QgM,6
368,Golden Jubilee,Jmv5V0,6
369,Golden Jubilee,UcdhTX,6
370,Golden Jubilee,hT9i0C,6
371,Golden Jubilee,gXwfNo,6
372,Golden Jubilee,z4fzFL,6
373,Golden Jubilee,EMVRcz,6
374,Golden Jubilee,t2MksQ,6
375,Golden Jubilee,FnlUsi,6
376,Golden Jubilee,GmuHWB,6
377,Golden Jubilee,avMZkq,6
378,Golden Jubilee,ONzKay,6
379,Golden Jubilee,6RpDDS,6
380,Golden Jubilee,FQ97nn,6
381,Golden Jubilee,n87bc6,6
382,Golden Jubilee,xR4zGN,6
383,Golden Jubilee,kDfZO6,6
384,Golden Jubilee,4uEpZe,6
385,Golden Jubilee,nzMMlP,6
386,Golden Jubilee,8TQXyR,6
387,Golden Jubilee,SQKGxB,6
388,Golden Jubilee,QtcyfK,6
389,Golden Jubilee,KnW7su,6
390,Golden Jubilee,h6kHI4,6
391,Golden Jubilee,8TdaQO,6
392,Golden Jubilee,eSRyvj,6
393,Golden Jubilee,a2X9DW,6
394,Golden Jubilee,jkMun5,6
395,Golden Jubilee,pLHXE0,6
396,Golden Jubilee,10eVlq,6
397,Golden Jubilee,mTcMwq,6
398,Golden Jubilee,eH2lIX,6
399,Golden Jubilee,1hGVtG,6
400,Golden Jubilee,dm4q5k,6
401,Golden Jubilee,jsqlz8,6
402,Golden Jubilee,NsEIp7,6
403,Golden Jubilee,TbbDEr,6
404,Golden Jubilee,y09zRi,6
405,Golden Jubilee,oz2lv2,6
406,Golden Jubilee,5eQlA5,6
407,Golden Jubilee,CelI14,6
408,Golden Jubilee,fBJIy0,6
409,Golden Jubilee,A5D2j7,6
410,Golden Jubilee,MWwD3D,6
411,Golden Jubilee,TGij0r,6
412,Golden Jubilee,8bpXTn,6
413,Golden Jubilee,DFwylY,6
414,Golden Jubilee,M1czqw,6
415,Golden Jubilee,MoRJi4,6
416,Golden Jubilee,k2HrpL,6
417,Golden Jubilee,THglxp,6
418,Golden Jubilee,e79oot,6
419,Golden Jubilee,PQKhrT,6
420,Golden Jubilee,1dcvUh,6
421,Golden Jubilee,74f2pH,6
422,Golden Jubilee,QQsi8a,6
423,Golden Jubilee,t4EV4D,6
424,Golden Jubilee,xXpRh6,6
425,Golden Jubilee,225i9M,6
426,Golden Jubilee,wm7HhV,6
427,Golden Jubilee,dWUc2u,6
428,Golden Jubilee,VLscn1,6
429,Golden Jubilee,BrywJz,6
430,Golden Jubilee,UcQE4c,6
431,Golden Jubilee,JMbuiQ,6
432,Golden Jubilee,YRMFm0,6
433,Golden Jubilee,eOK8xG,6
434,Golden Jubilee,ljTiQr,6
435,Golden Jubilee,PZptJz,6
436,Golden Jubilee,PXFNov,6
437,Golden Jubilee,NcjQh4,6
438,Golden Jubilee,iQ74VL,6
439,Golden Jubilee,jxKzfg,6
440,Golden Jubilee,9XgOJG,6
441,Golden Jubilee,H1t0Rm,6
442,Golden Jubilee,VhWbEM,6
443,Golden Jubilee,UZKjLS,6
444,Golden Jubilee,VWqF8S,6
445,Golden Jubilee,NHBmvf,6
446,Golden Jubilee,sBrNxP,6
447,Golden Jubilee,s2SiaQ,6
448,Golden Jubilee,Nyivat,6
449,Golden Jubilee,2l93Mt,6
450,Golden Jubilee,iSWkxy,6
451,Golden Jubilee,G8PqJA,6
452,Golden Jubilee,kWZ6fP,6
453,Golden Jubilee,93t1Ds,6
454,Golden Jubilee,D2yafX,6
455,Golden Jubilee,bPTYvM,6
456,Golden Jubilee,Cj4txM,6
457,Golden Jubilee,Qb3jFP,6
458,Golden Jubilee,e7ecNH,6
459,Golden Jubilee,p5Ge0P,6
460,Golden Jubilee,O96V4x,6
461,Golden Jubilee,9wvaLG,6
462,Golden Jubilee,9Pvr5f,6
463,Golden Jubilee,XBiq8L,6
464,Golden Jubilee,rN3cDJ,6
465,Golden Jubilee,lfZSku,6
466,Golden Jubilee,x6xvJt,6
467,Golden Jubilee,14zjEL,6
468,Golden Jubilee,7bSv8S,6
469,Golden Jubilee,JTkIYz,6
470,Golden Jubilee,Ut4kIB,6
471,Golden Jubilee,diofnK,6
472,Golden Jubilee,YBOs2n,6
473,Golden Jubilee,9LLzKg,6
474,Golden Jubilee,lazjWr,6
475,Golden Jubilee,fRIQ2l,6
476,Golden Jubilee,nuMrCE,6
477,Golden Jubilee,liYDiQ,6
478,Golden Jubilee,9qmnFu,6
479,Golden Jubilee,zuwHLL,6
480,Golden Jubilee,5I4PGr,6
481,Golden Jubilee,beb4rZ,6
482,Golden Jubilee,woGNlZ,6
483,Golden Jubilee,4HA0cs,6
484,Golden Jubilee,iVTrch,6
485,Golden Jubilee,LNpQQb,6
486,Golden Jubilee,zGRFxb,6
487,Golden Jubilee,n5Ks22,6
488,Golden Jubilee,mkJlFi,6
489,Golden Jubilee,KlmbgM,6
490,Golden Jubilee,dFulwa,6
491,Golden Jubilee,54LI1i,6
492,Golden Jubilee,GAuRHL,6
493,Golden Jubilee,Lh4GpT,6
494,Golden Jubilee,onFIrN,6
495,Golden Jubilee,h0PC9J,6
496,Golden Jubilee,y19t53,6
497,Golden Jubilee,r3cceK,6
498,Golden Jubilee,a3JqKK,6
499,Golden Jubilee,6NlmQt,6
500,Golden Jubilee,bM8m2X,6
501,Golden Jubilee,hujTyL,6
502,Golden Jubilee,l4CeV4,6
503,Golden Jubilee,BMTHOE,6
504,Golden Jubilee,zGc4hn,6
505,Golden Jubilee,XuD2cX,6
506,Golden Jubilee,Qoeyo6,6
507,Golden Jubilee,Alzu4u,6
508,Golden Jubilee,dFK5xH,6
509,Golden Jubilee,u8IMEM,6
510,Golden Jubilee,fCxLAD,6
511,Golden Jubilee,rM0mC7,6
512,Golden Jubilee,YGR2hD,6
513,Golden Jubilee,NVUAeH,6
514,Golden Jubilee,d3lubH,6
515,Golden Jubilee,kf6Wtd,6
516,Golden Jubilee,oWDEBC,6
517,Golden Jubilee,ddsZQy,6
518,Golden Jubilee,xtbCbk,6
519,Golden Jubilee,x8o3yE,6
520,Golden Jubilee,Qv9Njz,6
521,Golden Jubilee,PRzYeK,6
522,Golden Jubilee,9WXc7Z,6
523,Golden Jubilee,uZmldl,6
524,Golden Jubilee,EfoURG,6
525,Golden Jubilee,T6dpWR,6
526,Golden Jubilee,Z7KjYZ,6
527,Golden Jubilee,p25Kbw,6
528,Golden Jubilee,1QQ3Ot,6
529,Golden Jubilee,ZKqoRK,6
530,Golden Jubilee,ZAtDGk,6
531,Golden Jubilee,6Zy9Q6,6
532,Golden Jubilee,Aes2rY,6
533,Golden Jubilee,sj2v8u,6
534,Golden Jubilee,hvKOp0,6
535,Golden Jubilee,wbrZTi,6
536,Golden Jubilee,PCLlBX,6
537,Golden Jubilee,7cgxsg,6
538,Golden Jubilee,sCpiWo,6
539,Golden Jubilee,Hlbdvw,6
540,Golden Jubilee,sfD3Lf,6
541,Golden Jubilee,8wWPkW,6
542,Golden Jubilee,pVVLhQ,6
543,Golden Jubilee,8OMP7J,6
544,Golden Jubilee,uNTRii,6
545,Golden Jubilee,Wm5IbZ,6
546,Golden Jubilee,pEpRQG,6
547,Golden Jubilee,pyn0Tq,6
548,Golden Jubilee,tWwTdh,6
549,Golden Jubilee,C6lpF8,6
550,Golden Jubilee,F6fWcF,6
551,Golden Jubilee,EXTUWN,6
552,Golden Jubilee,9HlNcK,6
553,Golden Jubilee,5WbX5p,6
554,Golden Jubilee,Z0f4LR,6
555,Golden Jubilee,m0YYTh,6
556,Golden Jubilee,b1XzOE,6
557,Golden Jubilee,Jyrrae,6
558,Golden Jubilee,WLguCl,6
559,Golden Jubilee,u6jHGd,6
560,Golden Jubilee,n8rvFM,6
561,Golden Jubilee,opNwXI,6
562,Golden Jubilee,UmA3kf,6
563,Golden Jubilee,3pw5GK,6
564,Golden Jubilee,k0kVwG,6
565,Golden Jubilee,WpNhet,6
566,Golden Jubilee,XBza9e,6
567,Golden Jubilee,zkZtQT,6
568,Golden Jubilee,6Y9MC8,6
569,Golden Jubilee,DGaThJ,6
570,Golden Jubilee,sY8WEn,6
571,Golden Jubilee,tz6vlU,6
572,Golden Jubilee,npLYcJ,6
573,Golden Jubilee,ox4xPs,6
574,Golden Jubilee,AoFP4q,6
575,Golden Jubilee,DlzgMD,6
576,Golden Jubilee,MuVGqo,6
577,Golden Jubilee,eimUh8,6
578,Golden Jubilee,OvKVd6,6
579,Golden Jubilee,x8cPqq,6
580,Golden Jubilee,diEwu3,6
581,Golden Jubilee,lsZO27,6
582,Golden Jubilee,8T5L4t,6
583,Golden Jubilee,M9ZCZg,6
584,Golden Jubilee,ToAmAS,6
585,Golden Jubilee,2v8WHQ,6
586,Golden Jubilee,m5B25k,6
587,Golden Jubilee,zOGRTb,6
588,Golden Jubilee,npxkvX,6
589,Golden Jubilee,aQfrJg,6
590,Golden Jubilee,4jZvmd,6
591,Golden Jubilee,fnucsZ,6
592,Golden Jubilee,06EteN,6
593,Golden Jubilee,j4IsLi,6
594,Golden Jubilee,JX74dj,6
595,Golden Jubilee,kVHzWl,6
596,Golden Jubilee,YNURpb,6
597,Golden Jubilee,GKT5T6,6
598,Golden Jubilee,fHlDB3,6
599,Golden Jubilee,EEfdzM,6
600,Golden Jubilee,7ZDS3m,6
601,Golden Jubilee,UoZDVu,6
602,Golden Jubilee,KyzQhA,6
603,Golden Jubilee,RqHMgQ,6
604,Golden Jubilee,sy4yCN,6
605,Golden Jubilee,iTmnbB,6
606,Golden Jubilee,eRMkEg,6
607,Golden Jubilee,5EfFvJ,6
608,Golden Jubilee,L8rWY7,6
609,Golden Jubilee,Qxqc7Y,6
610,Golden Jubilee,u8yNWT,6
611,Golden Jubilee,aSbnHv,6
612,Golden Jubilee,HLwXKE,6
613,Golden Jubilee,XapYQY,6
614,Golden Jubilee,06hWHz,6
615,Golden Jubilee,yDOK6W,6
616,Golden Jubilee,2JwDjF,6
617,Golden Jubilee,cDEnhP,6
618,Golden Jubilee,dJa8GD,6
619,Golden Jubilee,1sySrx,6
620,Golden Jubilee,9NYoEV,6
621,Golden Jubilee,ZmCNal,6
622,Golden Jubilee,1qKFs1,6
623,Golden Jubilee,aLsDcA,6
624,Golden Jubilee,ZK1uzN,6
625,Golden Jubilee,HEUGZz,6
626,Golden Jubilee,EAbmRd,6
627,Golden Jubilee,NLSGHh,6
628,Golden Jubilee,pUli9T,6
629,Golden Jubilee,AdyBeG,6
630,Golden Jubilee,BhX1H3,6
631,Golden Jubilee,fsybg7,6
632,Golden Jubilee,0IghvS,6
633,Golden Jubilee,wn8Uxu,6
634,Golden Jubilee,KDPRIC,6
635,Golden Jubilee,kuzfML,6
636,Golden Jubilee,WwjltC,6
637,Golden Jubilee,w23H34,6
638,Golden Jubilee,ZvZor9,6
639,Golden Jubilee,YCuUmM,6
640,Golden Jubilee,c7Rqy6,6
641,Golden Jubilee,VLBW5s,6
642,Golden Jubilee,fZmwGa,6
643,Golden Jubilee,8Ao7ww,6
644,Golden Jubilee,STd0WA,6
645,Golden Jubilee,yaOsYw,6
646,Golden Jubilee,VahEYq,6
647,Golden Jubilee,KfsrFo,6
648,Golden Jubilee,s8UCta,6
649,Golden Jubilee,PbknMx,6
650,Golden Jubilee,Y69RgI,6
651,Golden Jubilee,BreNyM,6
652,Golden Jubilee,fa3jV8,6
653,Golden Jubilee,KHXErk,6
654,Golden Jubilee,IOEJjy,6
655,Golden Jubilee,saKXCZ,6
656,Golden Jubilee,gNiwow,6
657,Golden Jubilee,LgyGJz,6
658,Golden Jubilee,RtGijd,6
659,Golden Jubilee,2BocG3,6
660,Golden Jubilee,XDYCLL,6
661,Golden Jubilee,4toVoA,6
662,Golden Jubilee,yD0XKv,6
663,Golden Jubilee,i141fD,6
664,Golden Jubilee,F1wl4Z,6
665,Golden Jubilee,p0FsaQ,6
666,Golden Jubilee,q3cvPc,6
667,Golden Jubilee,AVUBmr,6
668,Golden Jubilee,MZ8GeK,6
669,Golden Jubilee,JcjlgU,6
670,Golden Jubilee,x7W4WB,6
671,Golden Jubilee,kZUO5e,6
672,Golden Jubilee,vAkVDy,6
673,Golden Jubilee,nhGgah,6
674,Golden Jubilee,n64X7g,6
675,Golden Jubilee,fzRzA6,6
676,Golden Jubilee,tEq8Jl,6
677,Golden Jubilee,F4EhgC,6
678,Golden Jubilee,S92nmW,6
679,Golden Jubilee,nDfQWJ,6
680,Golden Jubilee,CRxJth,6
681,Golden Jubilee,HgTTVS,6
682,Golden Jubilee,xTP213,6
683,Golden Jubilee,4j1WPo,6
684,Golden Jubilee,BbWmd0,6
685,Golden Jubilee,WIlnC4,6
686,Golden Jubilee,qUWigg,6
687,Golden Jubilee,0Vh3Oz,6
688,Golden Jubilee,Bb4NQt,6
689,Golden Jubilee,kl92yT,6
690,Golden Jubilee,fsinfV,6
691,Golden Jubilee,PCAsdB,6
692,Golden Jubilee,r5z2b2,6
693,Golden Jubilee,LuRUWl,6
694,Golden Jubilee,wtZ3VH,6
695,Golden Jubilee,ZRYUR4,6
696,Golden Jubilee,XoSIMb,6
697,Golden Jubilee,RMEuv9,6
698,Golden Jubilee,HJoVi9,6
699,Golden Jubilee,3ot8ac,6
700,Golden Jubilee,3cgDlV,6
701,Golden Jubilee,oQLlVj,6
702,Golden Jubilee,gOvCRV,6
703,Golden Jubilee,fpHf1Z,6
704,Golden Jubilee,Vu6gOa,6
705,Golden Jubilee,Kh0KlZ,6
706,Golden Jubilee,XuXt2m,6
707,Golden Jubilee,kwq3wL,6
708,Golden Jubilee,N23jXl,6
709,Golden Jubilee,s7JdLY,6
710,Golden Jubilee,vcLdLL,6
711,Golden Jubilee,0OcLrk,6
712,Golden Jubilee,coCIL2,6
713,Golden Jubilee,nyP5PO,6
714,Golden Jubilee,am9RPa,6
715,Golden Jubilee,SXqFVT,6
716,Golden Jubilee,rL90LZ,6
717,Golden Jubilee,HuMEYP,6
718,Golden Jubilee,jjOdMq,6
719,Golden Jubilee,5T8LP2,6
720,Golden Jubilee,lJMZOa,6
721,Golden Jubilee,rb3ndN,6
722,Golden Jubilee,VGfks0,6
723,Golden Jubilee,FCmMjR,6
724,Golden Jubilee,Ac8luk,6
725,Golden Jubilee,Ryxc4w,6
726,Golden Jubilee,9ndieZ,6
727,Golden Jubilee,3DObg7,6
728,Golden Jubilee,Ics8zI,6
729,Golden Jubilee,yUWqze,6
730,Golden Jubilee,ZGbdm6,6
731,Golden Jubilee,p3zuYp,6
732,Golden Jubilee,1yxHDD,6
733,Golden Jubilee,NHj2yP,6
734,Golden Jubilee,B4a6N3,6
735,Golden Jubilee,rVtBik,6
736,Golden Jubilee,gI0U8x,6
737,Golden Jubilee,UVMR8g,6
738,Golden Jubilee,b9EKJJ,6
739,Golden Jubilee,a4Z3V2,6
740,Golden Jubilee,4Jv42L,6
741,Golden Jubilee,9Vj6SM,6
742,Golden Jubilee,11yHg8,6
743,Golden Jubilee,0viFTo,6
744,Golden Jubilee,TP2Kex,6
745,Golden Jubilee,XmTMre,6
746,Golden Jubilee,WZjGm2,6
747,Golden Jubilee,90KSJz,6
748,Golden Jubilee,kSsCro,6
749,Golden Jubilee,nY7WrO,6
750,Golden Jubilee,4gwJxx,6
751,Golden Jubilee,eT8nzR,6
752,Golden Jubilee,smXE0d,6
753,Golden Jubilee,kwsmM2,6
754,Golden Jubilee,Ri4X9V,6
755,Golden Jubilee,A3xD9V,6
756,Golden Jubilee,H5lyec,6
757,Golden Jubilee,LuiEDp,6
758,Golden Jubilee,7gSIUo,6
759,Golden Jubilee,5pbEFR,6
760,Golden Jubilee,GUtDUc,6
761,Golden Jubilee,oKm53i,6
762,Golden Jubilee,wiNI18,6
763,Golden Jubilee,mExZaW,6
764,Golden Jubilee,sEci4E,6
765,Golden Jubilee,oM9k0y,6
766,Golden Jubilee,uH0nkU,6
767,Golden Jubilee,ofdpFb,6
768,Golden Jubilee,XDwUc6,6
769,Golden Jubilee,tSZC5w,6
770,Golden Jubilee,CHTk4g,6
771,Golden Jubilee,7Juhw1,6
772,Golden Jubilee,Y61zDf,6
773,Golden Jubilee,RuOf7P,6
774,Golden Jubilee,mWOaRm,6
775,Golden Jubilee,g6Wv98,6
776,Golden Jubilee,9r8Jvx,6
777,Golden Jubilee,rJIClp,6
778,Golden Jubilee,9K3P67,6
779,Golden Jubilee,3kQ2SN,6
780,Golden Jubilee,aoyqH5,6
781,Golden Jubilee,MXliJP,6
782,Golden Jubilee,qVrSoU,6
783,Golden Jubilee,Kd2iyO,6
784,Golden Jubilee,vgugqg,6
785,Golden Jubilee,wHFMEH,6
786,Golden Jubilee,ktOpCt,6
787,Golden Jubilee,vS0vmp,6
788,Golden Jubilee,mgFmzi,6
789,Golden Jubilee,PUezX6,6
790,Golden Jubilee,gJARFD,6
791,Golden Jubilee,bPCeRy,6
792,Golden Jubilee,mUHgoP,6
793,Golden Jubilee,35b0aP,6
794,Golden Jubilee,ZbU0b4,6
795,Golden Jubilee,KgH1l6,6
796,Golden Jubilee,eh5img,6
797,Golden Jubilee,kjhhI8,6
798,Golden Jubilee,3yliqT,6
799,Golden Jubilee,qqZ8ZM,6
800,Golden Jubilee,CqHbhr,6
801,Golden Jubilee,rD6RMs,6
802,Golden Jubilee,BMqrob,6
803,Golden Jubilee,CQciT8,6
804,Golden Jubilee,JnarAE,6
805,Golden Jubilee,aLmp9l,6
806,Golden Jubilee,uzNTcg,6
807,Golden Jubilee,3Ay47R,6
808,Golden Jubilee,Rj4kQp,6
809,Golden Jubilee,6JnVcg,6
810,Golden Jubilee,elVoeY,6
811,Golden Jubilee,xApySL,6
812,Golden Jubilee,NNYbUk,6
813,Golden Jubilee,xuX5KM,6
814,Golden Jubilee,iIzPWG,6
815,Golden Jubilee,CYBzbP,6
816,Golden Jubilee,IYslIc,6
817,Golden Jubilee,dytf5o,6
818,Golden Jubilee,kC5Mbx,6
819,Golden Jubilee,aFJNvI,6
820,Golden Jubilee,bKGlVU,6
821,Golden Jubilee,9BMZBL,6
822,Golden Jubilee,Qi2tU7,6
823,Golden Jubilee,F5BD2c,6
824,Golden Jubilee,ujG5qs,6
825,Golden Jubilee,0bxs7M,6
826,Golden Jubilee,aA27PJ,6
827,Golden Jubilee,F0dDYf,6
828,Golden Jubilee,Pfygwc,6
829,Golden Jubilee,0WVD2z,6
830,Golden Jubilee,i7sniW,6
831,Golden Jubilee,YhPG4i,6
832,Golden Jubilee,h3RMCx,6
833,Golden Jubilee,UzgEjg,6
834,Golden Jubilee,fuwVdI,6
835,Golden Jubilee,fvoWgp,6
836,Golden Jubilee,kNII7X,6
837,Golden Jubilee,1N5yiA,6
838,Golden Jubilee,5KtN51,6
839,Golden Jubilee,zC3xAK,6
840,Golden Jubilee,zSED7E,6
841,Golden Jubilee,wqlRmM,6
842,Golden Jubilee,zvSTtd,6
843,Golden Jubilee,uOg6ss,6
844,Golden Jubilee,bsyIUz,6
845,Golden Jubilee,6TFezf,6
846,Golden Jubilee,Bo7vVK,6
847,Golden Jubilee,yEz872,6
848,Golden Jubilee,8L8eO3,6
849,Golden Jubilee,HWTIqU,6
850,Golden Jubilee,8chE86,6
851,Golden Jubilee,SJ7mIe,6
852,Golden Jubilee,6EIOIp,6
853,Golden Jubilee,67ifoE,6
854,Golden Jubilee,CRmOEm,6
855,Golden Jubilee,JDlq51,6
856,Golden Jubilee,mlQAyr,6
857,Golden Jubilee,JhA7Sn,6
858,Golden Jubilee,TBtLrv,6
859,Golden Jubilee,zJWMVp,6
860,Golden Jubilee,ZZOAxn,6
861,Golden Jubilee,uTS8ST,6
862,Golden Jubilee,TAEqSH,6
863,Golden Jubilee,u1feXF,6
864,Golden Jubilee,YZjdnN,6
865,Golden Jubilee,KgRcSh,6
866,Golden Jubilee,0i4c7r,6
867,Golden Jubilee,9dvuB9,6
868,Golden Jubilee,RxocJD,6
869,Golden Jubilee,qo4w2C,6
870,Golden Jubilee,G8qWEs,6
871,Golden Jubilee,Kf5YSk,6
872,Golden Jubilee,MKhSKg,6
873,Golden Jubilee,Ntl0mx,6
874,Golden Jubilee,B1uJFe,6
875,Golden Jubilee,vWsnDl,6
876,Golden Jubilee,VXjT26,6
877,Golden Jubilee,Is0mKr,6
878,Golden Jubilee,dJC1aG,6
879,Golden Jubilee,8hZIWD,6
880,Golden Jubilee,tH5llF,6
881,Golden Jubilee,TAZSi5,6
882,Golden Jubilee,EhAAjr,6
883,Golden Jubilee,8DXrPF,6
884,Golden Jubilee,LfH5CE,6
885,Golden Jubilee,flGALw,6
886,Golden Jubilee,4iR91W,6
887,Golden Jubilee,N3Xzun,6
888,Golden Jubilee,GiiNCF,6
889,Golden Jubilee,58Zzkh,6
890,Golden Jubilee,kjs1FW,6
891,Golden Jubilee,b9zB8W,6
892,Golden Jubilee,F9vpJe,6
893,Golden Jubilee,CbSJAp,6
894,Golden Jubilee,VesA9a,6
895,Golden Jubilee,bOEWFZ,6
896,Golden Jubilee,IJe3Bk,6
897,Golden Jubilee,7p665l,6
898,Golden Jubilee,vpFWxA,6
899,Golden Jubilee,mTJ6Iz,6
900,Golden Jubilee,MMbjtt,6
901,Golden Jubilee,cGi9bJ,6
902,Golden Jubilee,YPl8Iu,6
903,Golden Jubilee,7TGxbT,6
904,Golden Jubilee,ArdREo,6
905,Golden Jubilee,g0oe3d,6
906,Golden Jubilee,W37LFp,6
907,Golden Jubilee,I6EDsR,6
908,Golden Jubilee,uivvBF,6
909,Golden Jubilee,peCeLA,6
910,Golden Jubilee,p6cfx8,6
911,Golden Jubilee,rLQFMu,6
912,Golden Jubilee,44t7Qg,6
913,Golden Jubilee,0BgfMc,6
914,Golden Jubilee,yih4MG,6
915,Golden Jubilee,93baV4,6
916,Golden Jubilee,rthyJ8,6
917,Golden Jubilee,OTtycN,6
918,Golden Jubilee,hJHJF2,6
919,Golden Jubilee,zPxxxi,6
920,Golden Jubilee,GjpkeU,6
921,Golden Jubilee,FnrILk,6
922,Golden Jubilee,jsW2Yg,6
923,Golden Jubilee,717ZwP,6
924,Golden Jubilee,iNQFXy,6
925,Golden Jubilee,D2bExF,6
926,Golden Jubilee,G58gG7,6
927,Golden Jubilee,tYcguY,6
928,Golden Jubilee,bisl9D,6
929,Golden Jubilee,SrbLzN,6
930,Golden Jubilee,xFtmaf,6
931,Golden Jubilee,y3eBK4,6
932,Golden Jubilee,AuDiPM,6
933,Golden Jubilee,p35VkF,6
934,Golden Jubilee,DKwwNV,6
935,Golden Jubilee,YRmts6,6
936,Golden Jubilee,imETDs,6
937,Golden Jubilee,RzzYvi,6
938,Golden Jubilee,p33l5n,6
939,Golden Jubilee,jirBdO,6
940,Golden Jubilee,wOmQ7M,6
941,Golden Jubilee,m0OHWY,6
942,Golden Jubilee,ui1nRg,6
943,Golden Jubilee,KoEext,6
944,Golden Jubilee,bLuEMQ,6
945,Golden Jubilee,i5gHpg,6
946,Golden Jubilee,XJsmET,6
947,Golden Jubilee,3uolWv,6
948,Golden Jubilee,iUGm3L,6
949,Golden Jubilee,OmuyEz,6
950,Golden Jubilee,tk7Dof,6
951,Golden Jubilee,dZsfjD,6
952,Golden Jubilee,ZMvpgM,6
953,Golden Jubilee,4DiLNn,6
954,Golden Jubilee,KNMYSD,6
955,Golden Jubilee,ZTSxnq,6
956,Golden Jubilee,kr4Ebr,6
957,Golden Jubilee,GHdEh9,6
958,Golden Jubilee,Dlqiq5,6
959,Golden Jubilee,4nRyU7,6
960,Golden Jubilee,Vja8SQ,6
961,Golden Jubilee,fqhh8u,6
962,Golden Jubilee,Z2gXch,6
963,Golden Jubilee,ldl0V2,6
964,Golden Jubilee,9TXCM3,6
965,Golden Jubilee,FDJZV6,6
966,Golden Jubilee,HWSOgT,6
967,Golden Jubilee,5PknN7,6
968,Golden Jubilee,qJUd9x,6
969,Golden Jubilee,I4Nsmy,6
970,Golden Jubilee,foJtLp,6
971,Golden Jubilee,8KqsAg,6
972,Golden Jubilee,67hPF6,6
973,Golden Jubilee,Evbavj,6
974,Golden Jubilee,Lg4JbN,6
975,Golden Jubilee,jBurtm,6
976,Golden Jubilee,c1E2N4,6
977,Golden Jubilee,UOJQiP,6
978,Golden Jubilee,fq3l5I,6
979,Golden Jubilee,cDkDQl,6
980,Golden Jubilee,4fAapD,6
981,Golden Jubilee,CrSTyf,6
982,Golden Jubilee,C730Su,6
983,Golden Jubilee,muNPkT,6
984,Golden Jubilee,8Dz4Xm,6
985,Golden Jubilee,yN7EYA,6
986,Golden Jubilee,GvRX47,6
987,Golden Jubilee,INFi1F,6
988,Golden Jubilee,lGhl8Y,6
989,Golden Jubilee,LNclRd,6
990,Golden Jubilee,VKsGUQ,6
991,Golden Jubilee,kjnakx,6
992,Golden Jubilee,S6jn2X,6
993,Golden Jubilee,UpwWBm,6
994,Golden Jubilee,ICCL5p,6
995,Golden Jubilee,yFYWeI,6
996,Golden Jubilee,R8P91c,6
997,Golden Jubilee,oC2qlD,6
998,Golden Jubilee,GTVL0c,6
999,Golden Jubilee,94oTnf,6
1000,Golden Jubilee,v8xtzG,6
1001,Golden Jubilee,l35kEz,6
1002,Golden Jubilee,qx1hVO,6
1003,Golden Jubilee,FAi3po,6
1004,Golden Jubilee,yZcxPO,6
1005,Golden Jubilee,rPA1c6,6
1006,Golden Jubilee,cNrqP3,6
1007,Golden Jubilee,vIGIky,6
1008,Golden Jubilee,ghFgOh,6
1009,Golden Jubilee,L07iqF,6
1010,Golden Jubilee,Z3Onlv,6
1011,Golden Jubilee,Ggqqf5,6
1012,Golden Jubilee,tpYbdZ,6
1013,Golden Jubilee,GsLbgd,6
1014,Golden Jubilee,W1lAE0,6
1015,Golden Jubilee,GKid8W,6
1016,Golden Jubilee,zYjhYv,6
1017,Golden Jubilee,u6YVKB,6
1018,Golden Jubilee,7sayLW,6
1019,Golden Jubilee,OahdHv,6
1020,Golden Jubilee,vKIeJQ,6
1021,Golden Jubilee,LYpqvm,6
1022,Golden Jubilee,kECREZ,6
1023,Golden Jubilee,ksTGgl,6
1024,Golden Jubilee,m6Lm7k,6
1025,Golden Jubilee,sbV2vX,6
1026,Golden Jubilee,Phi9nQ,6
1027,Golden Jubilee,vRXsZK,6
1028,Golden Jubilee,n0qd1o,6
1029,Golden Jubilee,W5FmFo,6
1030,Golden Jubilee,742lwC,6
1031,Golden Jubilee,R37J2P,6
1032,Golden Jubilee,fYNCeZ,6
1033,Golden Jubilee,XHcAXn,6
1034,Golden Jubilee,20geir,6
1035,Golden Jubilee,dvScsn,6
1036,Golden Jubilee,vFGYgZ,6
1037,Golden Jubilee,6dNdXb,6
1038,Golden Jubilee,J3wv14,6
1039,Golden Jubilee,kKd3me,6
1040,Golden Jubilee,6Mjj7Q,6
1041,Golden Jubilee,9cNUYF,6
1042,Golden Jubilee,AvuCgh,6
1043,Golden Jubilee,c2q1IB,6
1044,Golden Jubilee,CC0nmu,6
1045,Golden Jubilee,3BijJV,6
1046,Golden Jubilee,daVoto,6
1047,Golden Jubilee,f8qAbX,6
1048,Golden Jubilee,4fgKXT,6
1049,Golden Jubilee,5qUFTe,6
1050,Golden Jubilee,QvxV9q,6
1051,Golden Jubilee,T9RBVp,6
1052,Golden Jubilee,u6r5VF,6
1053,Golden Jubilee,lFkMyj,6
1054,Golden Jubilee,j4R08L,6
1055,Golden Jubilee,aeMErc,6
1056,Golden Jubilee,ZtGacy,6
1057,Golden Jubilee,kAPIkZ,6
1058,Golden Jubilee,7wtU2N,6
1059,Golden Jubilee,3ts0IH,6
1060,Golden Jubilee,0fROXk,6
1061,Golden Jubilee,dY2oSw,6
1062,Golden Jubilee,Q7mD3n,6
1063,Golden Jubilee,JF5Hrq,6
1064,Golden Jubilee,EfQref,6
1065,Golden Jubilee,XQibFx,6
1066,Golden Jubilee,1OFzJn,6
1067,Golden Jubilee,jaiQCI,6
1068,Golden Jubilee,NubDh2,6
1069,Golden Jubilee,GdzgMo,6
1070,Golden Jubilee,MhPNF5,6
1071,Golden Jubilee,Sn6HQp,6
1072,Golden Jubilee,eu9T5g,6
1073,Golden Jubilee,OHm59q,6
1074,Golden Jubilee,cukie9,6
1075,Golden Jubilee,moGa91,6
1076,Golden Jubilee,ref2E9,6
1077,Golden Jubilee,c7rsr1,6
1078,Golden Jubilee,Jxq3D4,6
1079,Golden Jubilee,yFIe5e,6
1080,Golden Jubilee,jEjR6i,6
1081,Golden Jubilee,Wuss36,6
1082,Golden Jubilee,UkHe51,6
1083,Golden Jubilee,2MPtac,6
1084,Golden Jubilee,K3oKMK,6
1085,Golden Jubilee,Mo8nNc,6
1086,Golden Jubilee,UBa2RP,6
1087,Golden Jubilee,QuTeh5,6
1088,Golden Jubilee,mqdzdl,6
1089,Golden Jubilee,ovQtWt,6
1090,Golden Jubilee,IPTCkO,6
1091,Golden Jubilee,DkGpcW,6
1092,Golden Jubilee,aLLFHC,6
1093,Golden Jubilee,BsYJqb,6
1094,Golden Jubilee,XfcDPJ,6
1095,Golden Jubilee,UKi961,6
1096,Golden Jubilee,9JsZjQ,6
1097,Golden Jubilee,vv7Ca7,6
1098,Golden Jubilee,YXAkSA,6
1099,Golden Jubilee,rQGwL5,6
1100,Golden Jubilee,Imv6e1,6
1101,Golden Jubilee,PBq4Nu,6
1102,Golden Jubilee,ymZPdT,6
1103,Golden Jubilee,Wozg9x,6
1104,Golden Jubilee,QQbEVe,6
1105,Golden Jubilee,7K4GGW,6
1106,Golden Jubilee,UZTP9C,6
1107,Golden Jubilee,VPc9kS,6
1108,Golden Jubilee,7o8Wxv,6
1109,Golden Jubilee,B9YGRO,6
1110,Golden Jubilee,Kf6NlA,6
1111,Golden Jubilee,4YZGOK,6
1112,Golden Jubilee,hBIrls,6
1113,Golden Jubilee,Ab4UVV,6
1114,Golden Jubilee,Yuf50E,6
1115,Golden Jubilee,ojMZr6,6
1116,Golden Jubilee,s95TbF,6
1117,Golden Jubilee,GRNfDb,6
1118,Golden Jubilee,1UeLsA,6
1119,Golden Jubilee,NlKByV,6
1120,Golden Jubilee,TR4qYJ,6
1121,Golden Jubilee,Nrgvs4,6
1122,Golden Jubilee,HaTyzT,6
1123,Golden Jubilee,itz1ar,6
1124,Golden Jubilee,4Xkixh,6
1125,Golden Jubilee,LjRH8h,6
1126,Golden Jubilee,g6BLzc,6
1127,Golden Jubilee,MMkdqW,6
1128,Golden Jubilee,zIwYbh,6
1129,Golden Jubilee,L2KeRP,6
1130,Golden Jubilee,w630yc,6
1131,Golden Jubilee,dbgBsE,6
1132,Golden Jubilee,AEKXJQ,6
1133,Golden Jubilee,wBDMuA,6
1134,Golden Jubilee,xDIrh5,6
1135,Golden Jubilee,o4scn0,6
1136,Golden Jubilee,BOxEMB,6
1137,Golden Jubilee,lQfg28,6
1138,Golden Jubilee,T6POCX,6
1139,Golden Jubilee,7zD43l,6
1140,Golden Jubilee,ReFkEa,6
1141,Golden Jubilee,tIbbh2,6
1142,Golden Jubilee,wxuhwe,6
1143,Golden Jubilee,g72tnz,6
1144,Golden Jubilee,UKZBCy,6
1145,Golden Jubilee,FV0UDV,6
1146,Golden Jubilee,jwYve0,6
1147,Golden Jubilee,85yQkk,6
1148,Golden Jubilee,rz1qmq,6
1149,Golden Jubilee,ReNatK,6
1150,Golden Jubilee,fSfebN,6
1151,Golden Jubilee,rr4tRv,6
1152,Golden Jubilee,xjXaEt,6
1153,Golden Jubilee,CvZHEj,6
1154,Golden Jubilee,x7y7RQ,6
1155,Golden Jubilee,IF7cU7,6
1156,Golden Jubilee,xO2uSK,6
1157,Golden Jubilee,kn1Fli,6
1158,Golden Jubilee,AHobTG,6
1159,Golden Jubilee,rfDFQ7,6
1160,Golden Jubilee,IPEoOp,6
1161,Golden Jubilee,yk6rfh,6
1162,Golden Jubilee,BmXKGh,6
1163,Golden Jubilee,aCxjVn,6
1164,Golden Jubilee,AFiWxj,6
1165,Golden Jubilee,gTdqBZ,6
1166,Golden Jubilee,PE4SJK,6
1167,Golden Jubilee,cAHfDy,6
1168,Golden Jubilee,MTpDYo,6
1169,Golden Jubilee,gQaC44,6
1170,Golden Jubilee,qEkyiK,6
1171,Golden Jubilee,b4jbhK,6
1172,Golden Jubilee,IrHEIm,6
1173,Golden Jubilee,paW6nZ,6
1174,Golden Jubilee,hLpjD0,6
1175,Golden Jubilee,jvstth,6
1176,Golden Jubilee,TD5zyl,6
1177,Golden Jubilee,qqOCCQ,6
1178,Golden Jubilee,cJgw2W,6
1179,Golden Jubilee,0amZJH,6
1180,Golden Jubilee,XgiCau,6
1181,Golden Jubilee,EN6u04,6
1182,Golden Jubilee,NdSxs1,6
1183,Golden Jubilee,MBt6PB,6
1184,Golden Jubilee,2OHGgW,6
1185,Golden Jubilee,rM8wuO,6
1186,Golden Jubilee,dur7Tr,6
1187,Golden Jubilee,bFLQDy,6
1188,Golden Jubilee,rV2BX5,6
1189,Golden Jubilee,4mWuT3,6
1190,Golden Jubilee,jKIrpo,6
1191,Golden Jubilee,0ACbxi,6
1192,Golden Jubilee,FbqjPh,6
1193,Golden Jubilee,AuDutB,6
1194,Golden Jubilee,X1EW7a,6
1195,Golden Jubilee,BbIAYV,6
1196,Golden Jubilee,AhmyeL,6
1197,Golden Jubilee,qbgTk6,6
1198,Golden Jubilee,qT5sf1,6
1199,Golden Jubilee,QTEhGL,6
1200,Golden Jubilee,ojSok8,6
1201,Golden Jubilee,MsPug4,6
1202,Golden Jubilee,AOwPTN,6
1203,Golden Jubilee,nhObSa,6
1204,Golden Jubilee,88JpGm,6
1205,Golden Jubilee,qFQrfc,6
1206,Golden Jubilee,TaEyLq,6
1207,Golden Jubilee,Sst1CX,6
1208,Golden Jubilee,WGr7By,6
1209,Golden Jubilee,xJJlg4,6
1210,Golden Jubilee,fx7OHF,6
1211,Golden Jubilee,1MJUGd,6
1212,Golden Jubilee,3vuuyI,6
1213,Golden Jubilee,a49Dz6,6
1214,Golden Jubilee,myX5LT,6
1215,Golden Jubilee,ovGuYq,6
1216,Golden Jubilee,2NYTeN,6
1217,Golden Jubilee,jC09X8,6
1218,Golden Jubilee,yH4tNG,6
1219,Golden Jubilee,HwQXju,6
1220,Golden Jubilee,L8efzT,6
1221,Golden Jubilee,bGnal0,6
1222,Golden Jubilee,XHypSM,6
1223,Golden Jubilee,eeo1Ts,6
1224,Golden Jubilee,3I7SMv,6
1225,Golden Jubilee,fmi5Iu,6
1226,Golden Jubilee,FhQttD,6
1227,Golden Jubilee,m3g0OJ,6
1228,Golden Jubilee,ZEvzeE,6
1229,Golden Jubilee,mUYkD9,6
1230,Golden Jubilee,enK003,6
1231,Golden Jubilee,WOP1yp,6
1232,Golden Jubilee,Kkuoty,6
1233,Golden Jubilee,G7Ypx0,6
1234,Golden Jubilee,kncEEg,6
1235,Golden Jubilee,HHFlYw,6
1236,Golden Jubilee,gKmy0f,6
1237,Golden Jubilee,TuwRyu,6
1238,Golden Jubilee,KKd1MS,6
1239,Golden Jubilee,5C90Mz,6
1240,Golden Jubilee,LTOgn7,6
1241,Golden Jubilee,IF0s5k,6
1242,Golden Jubilee,coUVAV,6
1243,Golden Jubilee,oXwwBS,6
1244,Golden Jubilee,bIf87L,6
1245,Golden Jubilee,1lnJGc,6
1246,Golden Jubilee,I4gjuB,6
1247,Golden Jubilee,IqveVx,6
1248,Golden Jubilee,Tc1jUV,6
1249,Golden Jubilee,g39eYP,6
1250,Golden Jubilee,6TLNz4,6
1251,Golden Jubilee,CmSp2m,6
1252,Golden Jubilee,24Rp3X,6
1253,Golden Jubilee,zPDUte,6
1254,Golden Jubilee,oFVkDW,6
1255,Golden Jubilee,Sv9V8T,6
1256,Golden Jubilee,f0BxFf,6
1257,Golden Jubilee,qbKK4i,6
1258,Golden Jubilee,MY9uLB,6
1259,Golden Jubilee,B9k2Vw,6
1260,Golden Jubilee,lLzNjk,6
1261,Golden Jubilee,pdIPid,6
1262,Golden Jubilee,Gn4JXT,6
1263,Golden Jubilee,qbxUVU,6
1264,Golden Jubilee,5DO3Zt,6
1265,Golden Jubilee,A0HRxg,6
1266,Golden Jubilee,C1mIPW,6
1267,Golden Jubilee,uRtsSE,6
1268,Golden Jubilee,Ss6XAR,6
1269,Golden Jubilee,xnbMtG,6
1270,Golden Jubilee,rnhvMN,6
1271,Golden Jubilee,PGvCVl,6
1272,Golden Jubilee,se0suO,6
1273,Golden Jubilee,kjilpJ,6
1274,Golden Jubilee,SdEktk,6
1275,Golden Jubilee,nf9wRp,6
1276,Golden Jubilee,79V4uq,6
1277,Golden Jubilee,mT3evy,6
1278,Golden Jubilee,QzuJ5B,6
1279,Golden Jubilee,oBubMA,6
1280,Golden Jubilee,hSq5YO,6
1281,Golden Jubilee,CzpRSY,6
1282,Golden Jubilee,pD1Ldk,6
1283,Golden Jubilee,ts4at5,6
1284,Golden Jubilee,kFk5tw,6
1285,Golden Jubilee,uwPpIm,6
1286,Golden Jubilee,qkz2z5,6
1287,Golden Jubilee,qwajqA,6
1288,Golden Jubilee,y7yUjP,6
1289,Golden Jubilee,IXGyMU,6
1290,Golden Jubilee,zs9kWh,6
1291,Golden Jubilee,4TEV8G,6
1292,Golden Jubilee,ScO3ab,6
1293,Golden Jubilee,sTO9vQ,6
1294,Golden Jubilee,L64wkI,6
1295,Golden Jubilee,Bskpob,6
1296,Golden Jubilee,DDNGRP,6
1297,Golden Jubilee,UbkV2p,6
1298,Golden Jubilee,eAHVnV,6
1299,Golden Jubilee,7RU9yM,6
1300,Golden Jubilee,2ri7VZ,6
1301,Golden Jubilee,Dcr9ts,6
1302,Golden Jubilee,okdeuu,6
1303,Golden Jubilee,vii1GW,6
1304,Golden Jubilee,Yq1MsY,6
1305,Golden Jubilee,VOPAp5,6
1306,Golden Jubilee,gNeZD3,6
1307,Golden Jubilee,YfnqoY,6
1308,Golden Jubilee,0e5YY7,6
1309,Golden Jubilee,emYnm9,6
1310,Golden Jubilee,yYcjr9,6
1311,Golden Jubilee,5JTCXu,6
1312,Golden Jubilee,qZ6ST7,6
1313,Golden Jubilee,yb3vf4,6
1314,Golden Jubilee,yHv6RU,6
1315,Golden Jubilee,RliB52,6
1316,Golden Jubilee,jUIQOr,6
1317,Golden Jubilee,v6kl37,6
1318,Golden Jubilee,YsYYPL,6
1319,Golden Jubilee,7f0LO0,6
1320,Golden Jubilee,xHpzug,6
1321,Golden Jubilee,Tx7i1W,6
1322,Golden Jubilee,SQuwGT,6
1323,Golden Jubilee,RDeaaK,6
1324,Golden Jubilee,CxJQ0j,6
1325,Golden Jubilee,Bc4XVy,6
1326,Golden Jubilee,bLzXVk,6
1327,Golden Jubilee,KjQ35L,6
1328,Golden Jubilee,DrLeJm,6
1329,Golden Jubilee,Lf3RXh,6
1330,Golden Jubilee,kw41fR,6
1331,Golden Jubilee,WBYYR6,6
1332,Golden Jubilee,6HgTqT,6
1333,Golden Jubilee,VN2WB6,6
1334,Golden Jubilee,4CwvSN,6
1335,Golden Jubilee,tzs3Z8,6
1336,Golden Jubilee,yMYj5s,6
1337,Golden Jubilee,a68cey,6
1338,Golden Jubilee,ds1EKa,6
1339,Golden Jubilee,Qh8kLT,6
1340,Golden Jubilee,1ZlfwT,6
1341,Golden Jubilee,HIUpa1,6
1342,Golden Jubilee,FuMVbK,6
1343,Golden Jubilee,BZRXzT,6
1344,Golden Jubilee,RcYKkp,6
1345,Golden Jubilee,NomuUz,6
1346,Golden Jubilee,W1J40U,6
1347,Golden Jubilee,Zp3xZW,6
1348,Golden Jubilee,oE3ind,6
1349,Golden Jubilee,ajgXWd,6
1350,Golden Jubilee,yaGq75,6
1351,Golden Jubilee,XXPxO0,6
1352,Golden Jubilee,xXSI3j,6
1353,Golden Jubilee,9uR707,6
1354,Golden Jubilee,I5BdI3,6
1355,Golden Jubilee,7WuWX4,6
1356,Golden Jubilee,yjYvFc,6
1357,Golden Jubilee,VRft1o,6
1358,Golden Jubilee,ieK42H,6
1359,Golden Jubilee,VOpqXY,6
1360,Golden Jubilee,XFhMPi,6
1361,Golden Jubilee,S5BOSf,6
1362,Golden Jubilee,vz5zb5,6
1363,Golden Jubilee,CRTfBa,6
1364,Golden Jubilee,ZrKYLn,6
1365,Golden Jubilee,1DGff2,6
1366,Golden Jubilee,DH1Z8p,6
1367,Golden Jubilee,tNjzpK,6
1368,Golden Jubilee,scS7J9,6
1369,Golden Jubilee,KS7Udw,6
1370,Golden Jubilee,2HdAzG,6
1371,Golden Jubilee,FrXi7C,6
1372,Golden Jubilee,Rn1kaI,6
1373,Golden Jubilee,FsMrfI,6
1374,Golden Jubilee,0j9zwN,6
1375,Golden Jubilee,mkVQVZ,6
1376,Golden Jubilee,4DiFAJ,6
1377,Golden Jubilee,4DF6pG,6
1378,Golden Jubilee,srNLsB,6
1379,Golden Jubilee,D6X1QB,6
1380,Golden Jubilee,7rhgwJ,6
1381,Golden Jubilee,6NgO0B,6
1382,Golden Jubilee,V6GAoX,6
1383,Golden Jubilee,0lbrwW,6
1384,Golden Jubilee,KkWj8x,6
1385,Golden Jubilee,3F5Y0e,6
1386,Golden Jubilee,9QBHdq,6
1387,Golden Jubilee,kDF5XJ,6
1388,Golden Jubilee,TXyqhy,6
1389,Golden Jubilee,331ry5,6
1390,Golden Jubilee,ufZskx,6
1391,Golden Jubilee,LgPjqQ,6
1392,Golden Jubilee,dxf5dG,6
1393,Golden Jubilee,koLFBT,6
1394,Golden Jubilee,Osw5sU,6
1395,Golden Jubilee,43T3Tc,6
1396,Golden Jubilee,FrtSHQ,6
1397,Golden Jubilee,QBvCjX,6
1398,Golden Jubilee,7TFtqr,6
1399,Golden Jubilee,LX5RPi,6
1400,Golden Jubilee,vZY1jR,6
1401,Golden Jubilee,VFziRY,6
1402,Golden Jubilee,Cuwtc4,6
1403,Golden Jubilee,a8CsT2,6
1404,Golden Jubilee,irt4un,6
1405,Golden Jubilee,WBnb2U,6
1406,Golden Jubilee,I8Ov2X,6
1407,Golden Jubilee,JGypiI,6
1408,Golden Jubilee,KaYSuh,6
1409,Golden Jubilee,sQHkjx,6
1410,Golden Jubilee,tGcs1R,6
1411,Golden Jubilee,hWBBC7,6
1412,Golden Jubilee,BO5RoO,6
1413,Golden Jubilee,1leMl0,6
1414,Golden Jubilee,QGkshb,6
1415,Golden Jubilee,WdMBmK,6
1416,Golden Jubilee,OBtQ8M,6
1417,Golden Jubilee,5Cj7nR,6
1418,Golden Jubilee,wrmTEf,6
1419,Golden Jubilee,dsqkT7,6
1420,Golden Jubilee,lm4kjr,6
1421,Golden Jubilee,RkflXG,6
1422,Golden Jubilee,Q6mwVc,6
1423,Golden Jubilee,1A5ZQo,6
1424,Golden Jubilee,vxjEFt,6
1425,Golden Jubilee,AnKEXY,6
1426,Golden Jubilee,DLylDe,6
1427,Golden Jubilee,36Q2HC,6
1428,Golden Jubilee,8YdFnj,6
1429,Golden Jubilee,uMV2QD,6
1430,Golden Jubilee,JEHLpq,6
1431,Golden Jubilee,1bhoNK,6
1432,Golden Jubilee,Y5ZxQG,6
1433,Golden Jubilee,7oGPIY,6
1434,Golden Jubilee,1XPNco,6
1435,Golden Jubilee,dXRIG3,6
1436,Golden Jubilee,ppqh6z,6
1437,Golden Jubilee,TaDuM5,6
1438,Golden Jubilee,q1QPtt,6
1439,Golden Jubilee,tDvRNm,6
1440,Golden Jubilee,W2E19O,6
1441,Golden Jubilee,T6pZ4A,6
1442,Golden Jubilee,C58GQm,6
1443,Golden Jubilee,Ob006o,6
1444,Golden Jubilee,vhbDPH,6
1445,Golden Jubilee,qCEaFT,6
1446,Golden Jubilee,eNsmsV,6
1447,Golden Jubilee,PZHWml,6
1448,Golden Jubilee,FiwRzE,6
1449,Golden Jubilee,ul0S1V,6
1450,Golden Jubilee,NlpGao,6
1451,Golden Jubilee,9Nwtqg,6
1452,Golden Jubilee,8xW5du,6
1453,Golden Jubilee,TTfUtO,6
1454,Golden Jubilee,GR04Ua,6
1455,Golden Jubilee,hVuIBs,6
1456,Golden Jubilee,0RrGyv,6
1457,Golden Jubilee,E66L8l,6
1458,Golden Jubilee,fcCPYd,6
1459,Golden Jubilee,ci43p1,6
1460,Golden Jubilee,VBBtbv,6
1461,Golden Jubilee,ca4esl,6
1462,Golden Jubilee,k94maX,6
1463,Golden Jubilee,R02Akr,6
1464,Golden Jubilee,AYIAc9,6
1465,Golden Jubilee,OKOpnZ,6
1466,Golden Jubilee,YJdOKX,6
1467,Golden Jubilee,8IGpP4,6
1468,Golden Jubilee,1qTqSU,6
1469,Golden Jubilee,cH8x9r,6
1470,Golden Jubilee,oqgKcW,6
1471,Golden Jubilee,JltxqJ,6
1472,Golden Jubilee,kEaunc,6
1473,Golden Jubilee,prt0Am,6
1474,Golden Jubilee,x3g0pv,6
1475,Golden Jubilee,eYeD0s,6
1476,Golden Jubilee,3QlsSV,6
1477,Golden Jubilee,IoFyRL,6
1478,Golden Jubilee,MnDRA5,6
1479,Golden Jubilee,jwfVcS,6
1480,Golden Jubilee,bvLP45,6
1481,Golden Jubilee,HsbbrG,6
1482,Golden Jubilee,Kg8MNV,6
1483,Golden Jubilee,jAMexO,6
1484,Golden Jubilee,GyCqte,6
1485,Golden Jubilee,PA3Mle,6
1486,Golden Jubilee,EtNben,6
1487,Golden Jubilee,DIYU2S,6
1488,Golden Jubilee,idps0j,6
1489,Golden Jubilee,BymvFE,6
1490,Golden Jubilee,jhJbqO,6
1491,Golden Jubilee,ztflOy,6
1492,Golden Jubilee,juSd2u,6
1493,Golden Jubilee,68eJBd,6
1494,Golden Jubilee,xmwkwW,6
1495,Golden Jubilee,vWa8dE,6
1496,Golden Jubilee,AlPjVX,6
1497,Golden Jubilee,WF9byA,6
1498,Golden Jubilee,oHXfs2,6
1499,Golden Jubilee,Izx4J5,6
1500,Golden Jubilee,TyhlfE,6
1501,Golden Jubilee,RM2yZk,6
1502,Golden Jubilee,JhmMSM,6
1503,Golden Jubilee,aL63N1,6
1504,Golden Jubilee,ZFFjAV,6
1505,Golden Jubilee,39wSu9,6
1506,Golden Jubilee,YbORoa,6
1507,Golden Jubilee,gDmHqL,6
1508,Golden Jubilee,IvxxtT,6
1509,Golden Jubilee,TX3kwW,6
1510,Golden Jubilee,ucPvjc,6
1511,Golden Jubilee,gCojmg,6
1512,Golden Jubilee,imy5yY,6
1513,Golden Jubilee,Dk7D8K,6
1514,Golden Jubilee,TWbEcs,6
1515,Golden Jubilee,wPCbt0,6
1516,Golden Jubilee,ruqLa9,6
1517,Golden Jubilee,olNrcv,6
1518,Golden Jubilee,7gMywD,6
1519,Golden Jubilee,7r385L,6
1520,Golden Jubilee,MNyKy3,6
1521,Golden Jubilee,i3zOXs,6
1522,Golden Jubilee,fCMUOA,6
1523,Golden Jubilee,CsVtix,6
1524,Golden Jubilee,rbIP7h,6
1525,Golden Jubilee,izOKzd,6
1526,Golden Jubilee,HR9eGE,6
1527,Golden Jubilee,JiX5EL,6
1528,Golden Jubilee,QJBdsS,6
1529,Golden Jubilee,zo4Tw1,6
1530,Golden Jubilee,nA29lB,6
1531,Golden Jubilee,U2nGyW,6
1532,Golden Jubilee,kGufRF,6
1533,Golden Jubilee,xJYMbZ,6
1534,Golden Jubilee,7xgsnA,6
1535,Golden Jubilee,Y2P8Zm,6
1536,Golden Jubilee,vdVOj7,6
1537,Golden Jubilee,RL1OBA,6
1538,Golden Jubilee,iU06p5,6
1539,Golden Jubilee,rTfqUy,6
1540,Golden Jubilee,83ItI3,6
1541,Golden Jubilee,2fXTZc,6
1542,Golden Jubilee,kVQVXs,6
1543,Golden Jubilee,OOpH2k,6
1544,Golden Jubilee,fTXgUn,6
1545,Golden Jubilee,OUpzhv,6
1546,Golden Jubilee,U7QdMs,6
1547,Golden Jubilee,kEhzUk,6
1548,Golden Jubilee,qODHrp,6
1549,Golden Jubilee,T2Mt4p,6
1550,Golden Jubilee,xG9ZFA,6
1551,Golden Jubilee,NvfOwQ,6
1552,Golden Jubilee,JZLtMJ,6
1553,Golden Jubilee,eIedpZ,6
1554,Golden Jubilee,Oix4Uf,6
1555,Golden Jubilee,T4UH6f,6
1556,Golden Jubilee,aEk6bo,6
1557,Golden Jubilee,g3stL1,6
1558,Golden Jubilee,SQHTIX,6
1559,Golden Jubilee,OCtU32,6
1560,Golden Jubilee,PeB1g6,6
1561,Golden Jubilee,cgfsmL,6
1562,Golden Jubilee,Hg07Mp,6
1563,Golden Jubilee,q7XTPw,6
1564,Golden Jubilee,YPcwq4,6
1565,Golden Jubilee,J5PjrC,6
1566,Golden Jubilee,IvGNug,6
1567,Golden Jubilee,tWcSXs,6
1568,Golden Jubilee,5b8dmc,6
1569,Golden Jubilee,xcSmaz,6
1570,Golden Jubilee,Ozxfgm,6
1571,Golden Jubilee,5l91Fd,6
1572,Golden Jubilee,LTKH3b,6
1573,Golden Jubilee,Jb6Hu6,6
1574,Golden Jubilee,RVLxrx,6
1575,Golden Jubilee,t9OxBb,6
1576,Golden Jubilee,VnAtUa,6
1577,Golden Jubilee,nQp3su,6
1578,Golden Jubilee,os6tnv,6
1579,Golden Jubilee,UMnJRk,6
1580,Golden Jubilee,KE8qa8,6
1581,Golden Jubilee,l1cCjh,6
1582,Golden Jubilee,yROLjX,6
1583,Golden Jubilee,LyjolB,6
1584,Golden Jubilee,Z3OsLT,6
1585,Golden Jubilee,AGHsQo,6
1586,Golden Jubilee,envyQm,6
1587,Golden Jubilee,5qMEyP,6
1588,Golden Jubilee,98soi6,6
1589,Golden Jubilee,Uimx8i,6
1590,Golden Jubilee,FE3ePb,6
1591,Golden Jubilee,YtHKS6,6
1592,Golden Jubilee,OhYv5E,6
1593,Golden Jubilee,d2Uu0D,6
1594,Golden Jubilee,lLYrlP,6
1595,Golden Jubilee,R55fVq,6
1596,Golden Jubilee,27Jsjx,6
1597,Golden Jubilee,ADAiOT,6
1598,Golden Jubilee,520HUb,6
1599,Golden Jubilee,PTHDed,6
1600,Golden Jubilee,SxdxEJ,6
1601,Golden Jubilee,Sk3qI0,6
1602,Golden Jubilee,lC665P,6
1603,Golden Jubilee,QAdUjM,6
1604,Golden Jubilee,ozhiTl,6
1605,Golden Jubilee,1UKZpu,6
1606,Golden Jubilee,ddNjcc,6
1607,Golden Jubilee,kZlbVv,6
1608,Golden Jubilee,LEj9ni,6
1609,Golden Jubilee,BaWJfp,6
1610,Golden Jubilee,Anup8Z,6
1611,Golden Jubilee,2CvBNQ,6
1612,Golden Jubilee,VJlLv1,6
1613,Golden Jubilee,gC6877,6
1614,Golden Jubilee,Oymqxx,6
1615,Golden Jubilee,gKxqQm,6
1616,Golden Jubilee,qAPyVg,6
1617,Golden Jubilee,XPXeBl,6
1618,Golden Jubilee,W2n2DR,6
1619,Golden Jubilee,FAKOGv,6
1620,Golden Jubilee,309qu3,6
1621,Golden Jubilee,Wo9RMa,6
1622,Golden Jubilee,IxSCWw,6
1623,Golden Jubilee,hqDUhp,6
1624,Golden Jubilee,uSuPTh,6
1625,Golden Jubilee,a1PjPI,6
1626,Golden Jubilee,jCgadW,6
1627,Golden Jubilee,k9yEc6,6
1628,Golden Jubilee,9FNeTS,6
1629,Golden Jubilee,u2BtYh,6
1630,Golden Jubilee,YECaot,6
1631,Golden Jubilee,t5Xl4X,6
1632,Golden Jubilee,pJTjGB,6
1633,Golden Jubilee,Ikxgbl,6
1634,Golden Jubilee,vSMT7C,6
1635,Golden Jubilee,5S2rSk,6
1636,Golden Jubilee,E1Kx4M,6
1637,Golden Jubilee,d5buWa,6
1638,Golden Jubilee,2fDTfD,6
1639,Golden Jubilee,ho9FjN,6
1640,Golden Jubilee,GlZw9U,6
1641,Golden Jubilee,C5TngB,6
1642,Golden Jubilee,6EtQoD,6
1643,Golden Jubilee,BMVSo2,6
1644,Golden Jubilee,93SciO,6
1645,Golden Jubilee,CrYYDs,6
1646,Golden Jubilee,uvm0VN,6
1647,Golden Jubilee,xGEohK,6
1648,Golden Jubilee,bRwKUT,6
1649,Golden Jubilee,1gIaym,6
1650,Golden Jubilee,9fmRqp,6
1651,Golden Jubilee,5DG8m2,6
1652,Golden Jubilee,rBCHUg,6
1653,Golden Jubilee,xuisWk,6
1654,Golden Jubilee,rp5UCA,6
1655,Golden Jubilee,NpV2Ce,6
1656,Golden Jubilee,JwTAXc,6
1657,Golden Jubilee,fhbMA6,6
1658,Golden Jubilee,SBCMpq,6
1659,Golden Jubilee,yqRZtN,6
1660,Golden Jubilee,O8NbyE,6
1661,Golden Jubilee,LKjwWJ,6
1662,Golden Jubilee,qnQHGF,6
1663,Golden Jubilee,esjyxR,6
1664,Golden Jubilee,9TtaFO,6
1665,Golden Jubilee,X5Kqoe,6
1666,Golden Jubilee,9cloZt,6
1667,Golden Jubilee,FgTGS9,6
1668,Golden Jubilee,UGqTqc,6
1669,Golden Jubilee,gnp9Ep,6
1670,Golden Jubilee,NTRi4D,6
1671,Golden Jubilee,XErEpK,6
1672,Golden Jubilee,XAAjzn,6
1673,Golden Jubilee,dGt05J,6
1674,Golden Jubilee,QNj5Ns,6
1675,Golden Jubilee,8rf9QH,6
1676,Golden Jubilee,FXTrzK,6
1677,Golden Jubilee,FSEO6m,6
1678,Golden Jubilee,oImivO,6
1679,Golden Jubilee,kTR31f,6
1680,Golden Jubilee,6u2nVo,6
1681,Golden Jubilee,tszPn7,6
1682,Golden Jubilee,c2yHOh,6
1683,Golden Jubilee,CBQe3D,6
1684,Golden Jubilee,D70lBv,6
1685,Golden Jubilee,zvdD11,6
1686,Golden Jubilee,1R0nEU,6
1687,Golden Jubilee,wr6eqh,6
1688,Golden Jubilee,Gr2DUK,6
1689,Golden Jubilee,8gG8iK,6
1690,Golden Jubilee,8HZp1t,6
1691,Golden Jubilee,Bp6jsm,6
1692,Golden Jubilee,RLj7W2,6
1693,Golden Jubilee,6H7UOp,6
1694,Golden Jubilee,c5NuOt,6
1695,Golden Jubilee,uXGV2W,6
1696,Golden Jubilee,iasvwX,6
1697,Golden Jubilee,79Pm6v,6
1698,Golden Jubilee,Xud9O9,6
1699,Golden Jubilee,zdFHt7,6
1700,Golden Jubilee,UHtqG3,6
1701,Golden Jubilee,cTRA3g,6
1702,Golden Jubilee,Mf3cgW,6
1703,Golden Jubilee,p0QCZV,6
1704,Golden Jubilee,jBgPw0,6
1705,Golden Jubilee,YbYPsO,6
1706,Golden Jubilee,7BMDsx,6
1707,Golden Jubilee,nvtauC,6
1708,Golden Jubilee,oC3Bez,6
1709,Golden Jubilee,bBHeu2,6
1710,Golden Jubilee,SNvAGp,6
1711,Golden Jubilee,2kCeqt,6
1712,Golden Jubilee,IQLM2g,6
1713,Golden Jubilee,kH6ssn,6
1714,Golden Jubilee,f4xVgb,6
1715,Golden Jubilee,tqwten,6
1716,Golden Jubilee,19MAPD,6
1717,Golden Jubilee,jowwnX,6
1718,Golden Jubilee,EgvKQc,6
1719,Golden Jubilee,x53wcg,6
1720,Golden Jubilee,HJCMXX,6
1721,Golden Jubilee,CT5sSL,6
1722,Golden Jubilee,LtjZWU,6
1723,Golden Jubilee,oZk8ER,6
1724,Golden Jubilee,NyGbgZ,6
1725,Golden Jubilee,sLPkl2,6
1726,Golden Jubilee,AopT0t,6
1727,Golden Jubilee,I0Udaa,6
1728,Golden Jubilee,dYRGAL,6
1729,Golden Jubilee,eFcBrw,6
1730,Golden Jubilee,SsKJIC,6
1731,Golden Jubilee,K2r5rm,6
1732,Golden Jubilee,2bRHFL,6
1733,Golden Jubilee,otEoVJ,6
1734,Golden Jubilee,Q8L8jR,6
1735,Golden Jubilee,aYQ5oF,6
1736,Golden Jubilee,sFLhtt,6
1737,Golden Jubilee,N1TMID,6
1738,Golden Jubilee,csWawk,6
1739,Golden Jubilee,HBNk8a,6
1740,Golden Jubilee,N9WJsL,6
1741,Golden Jubilee,ixgShl,6
1742,Golden Jubilee,TwYJWJ,6
1743,Golden Jubilee,3fmSAH,6
1744,Golden Jubilee,HAtRdW,6
1745,Golden Jubilee,Hk5AHs,6
1746,Golden Jubilee,9oCkLt,6
1747,Golden Jubilee,V6rv7x,6
1748,Golden Jubilee,C7Bpqn,6
1749,Golden Jubilee,dE2YuD,6
1750,Golden Jubilee,9VnzKE,6
1751,Golden Jubilee,0YN6GU,6
1752,Golden Jubilee,aBPTY0,6
1753,Golden Jubilee,4j14He,6
1754,Golden Jubilee,xJP5It,6
1755,Golden Jubilee,XhHs0c,6
1756,Golden Jubilee,0CWvD1,6
1757,Golden Jubilee,vcy1Ct,6
1758,Golden Jubilee,uvF356,6
1759,Golden Jubilee,BQITbs,6
1760,Golden Jubilee,Xdm6RE,6
1761,Golden Jubilee,J2VQrU,6
1762,Golden Jubilee,vnT2s9,6
1763,Golden Jubilee,8J9yy2,6
1764,Golden Jubilee,EU6DfO,6
1765,Golden Jubilee,138dQh,6
1766,Golden Jubilee,PvFbpS,6
1767,Golden Jubilee,SFHfE5,6
1768,Golden Jubilee,XmscNU,6
1769,Golden Jubilee,ArmbD4,6
1770,Golden Jubilee,hjLCVy,6
1771,Golden Jubilee,chL0MK,6
1772,Golden Jubilee,TgidS1,6
1773,Golden Jubilee,y7mIs6,6
1774,Golden Jubilee,FJ1N6L,6
1775,Golden Jubilee,fnJLZG,6
1776,Golden Jubilee,yYPn1H,6
1777,Golden Jubilee,ixV3L2,6
1778,Golden Jubilee,7V6Ri2,6
1779,Golden Jubilee,GBm9wN,6
1780,Golden Jubilee,O6nKpi,6
1781,Golden Jubilee,5IMBB7,6
1782,Golden Jubilee,G9Yqbn,6
1783,Golden Jubilee,CIRYUk,6
1784,Golden Jubilee,A0w6NN,6
1785,Golden Jubilee,5iO1eC,6
1786,Golden Jubilee,wYn7Q3,6
1787,Golden Jubilee,ji247T,6
1788,Golden Jubilee,Fl3Qdn,6
1789,Golden Jubilee,eRCq8S,6
1790,Golden Jubilee,ZrL1bp,6
1791,Golden Jubilee,5dZ7U1,6
1792,Golden Jubilee,6xNPkP,6
1793,Golden Jubilee,lV5owj,6
1794,Golden Jubilee,9RUMwn,6
1795,Golden Jubilee,LCvK2v,6
1796,Golden Jubilee,h8apN6,6
1797,Golden Jubilee,JNA9Z9,6
1798,Golden Jubilee,IIlN0Q,6
1799,Golden Jubilee,E1Mqjo,6
1800,Golden Jubilee,cRgU75,6
1801,Golden Jubilee,Jiln5Z,6
1802,Golden Jubilee,vrgvu2,6
1803,Golden Jubilee,rkLjvl,6
1804,Golden Jubilee,rowCEt,6
1805,Golden Jubilee,a6SJui,6
1806,Golden Jubilee,EEp2Bg,6
1807,Golden Jubilee,BE4J75,6
1808,Golden Jubilee,ciBzmF,6
1809,Golden Jubilee,2r5kmO,6
1810,Golden Jubilee,1N5Dd8,6
1811,Golden Jubilee,USxOUZ,6
1812,Golden Jubilee,CKzUAj,6
1813,Golden Jubilee,wTbKVD,6
1814,Golden Jubilee,Qeu0VL,6
1815,Golden Jubilee,oKN8c0,6
1816,Golden Jubilee,1VKzUm,6
1817,Golden Jubilee,cLDyPI,6
1818,Golden Jubilee,oFBpEa,6
1819,Golden Jubilee,NYV7xG,6
1820,Golden Jubilee,vA2Lqp,6
1821,Golden Jubilee,J6gFJ8,6
1822,Golden Jubilee,y1PbEE,6
1823,Golden Jubilee,7TLSSs,6
1824,Golden Jubilee,BVaGSX,6
1825,Golden Jubilee,4NzZhg,6
1826,Golden Jubilee,9Nb3rb,6
1827,Golden Jubilee,a7nVUw,6
1828,Golden Jubilee,2e5Ejk,6
1829,Golden Jubilee,hIKhAd,6
1830,Golden Jubilee,ACKB2y,6
1831,Golden Jubilee,3rvHmu,6
1832,Golden Jubilee,My6OkD,6
1833,Golden Jubilee,nA6lcx,6
1834,Golden Jubilee,iUpjTt,6
1835,Golden Jubilee,rj0xn5,6
1836,Golden Jubilee,PCYV2O,6
1837,Golden Jubilee,BbgsUt,6
1838,Golden Jubilee,baoRUd,6
1839,Golden Jubilee,pkV6Qk,6
1840,Golden Jubilee,B26Jeo,6
1841,Golden Jubilee,XeaZju,6
1842,Golden Jubilee,hhVv0C,6
1843,Golden Jubilee,4ZV8Se,6
1844,Golden Jubilee,15IzcK,6
1845,Golden Jubilee,MDFAcU,6
1846,Golden Jubilee,KAj6hi,6
1847,Golden Jubilee,wlJxYe,6
1848,Golden Jubilee,KZjMdM,6
1849,Golden Jubilee,lLEAUd,6
1850,Golden Jubilee,d4EwcI,6
1851,Golden Jubilee,q0xqk9,6
1852,Golden Jubilee,7tRScV,6
1853,Golden Jubilee,hT4bPi,6
1854,Golden Jubilee,IXHtoN,6
1855,Golden Jubilee,NQqtLq,6
1856,Golden Jubilee,QAuslO,6
1857,Golden Jubilee,BoBWKL,6
1858,Golden Jubilee,2MatPY,6
1859,Golden Jubilee,HycSZC,6
1860,Golden Jubilee,X8FLW6,6
1861,Golden Jubilee,E7aCcP,6
1862,Golden Jubilee,6htOCX,6
1863,Golden Jubilee,P0Kvot,6
1864,Golden Jubilee,UUR1cK,6
1865,Golden Jubilee,T0nEc8,6
1866,Golden Jubilee,XWTLco,6
1867,Golden Jubilee,fr1oQ8,6
1868,Golden Jubilee,rOE97B,6
1869,Golden Jubilee,FdLTxk,6
1870,Golden Jubilee,hx8hSl,6
1871,Golden Jubilee,H6DnCh,6
1872,Golden Jubilee,JJgtgz,6
1873,Golden Jubilee,xKSeCS,6
1874,Golden Jubilee,m05ifC,6
1875,Golden Jubilee,lq2MZe,6
1876,Golden Jubilee,BfjfNN,6
1877,Golden Jubilee,9iWGzo,6
1878,Golden Jubilee,CfPeT8,6
1879,Golden Jubilee,0x3b9a,6
1880,Golden Jubilee,Jmq5cv,6
1881,Golden Jubilee,tZlGA2,6
1882,Golden Jubilee,oGOLBf,6
1883,Golden Jubilee,fkFk81,6
1884,Golden Jubilee,TGP4i6,6
1885,Golden Jubilee,3eycJi,6
1886,Golden Jubilee,fQ56xi,6
1887,Golden Jubilee,EzCgFj,6
1888,Golden Jubilee,xosrbi,6
1889,Golden Jubilee,bYd86S,6
1890,Golden Jubilee,cAeH4T,6
1891,Golden Jubilee,lxEngq,6
1892,Golden Jubilee,bste3U,6
1893,Golden Jubilee,dSm0l9,6
1894,Golden Jubilee,X1llDm,6
1895,Golden Jubilee,2uHzY7,6
1896,Golden Jubilee,6PKK6I,6
1897,Golden Jubilee,xP38Mf,6
1898,Golden Jubilee,KwPJgU,6
1899,Golden Jubilee,3jlNAG,6
1900,Golden Jubilee,fLIXgz,6
1901,Golden Jubilee,W1wrB2,6
1902,Golden Jubilee,Ba3Kwo,6
1903,Golden Jubilee,WH57G8,6
1904,Golden Jubilee,gArYKF,6
1905,Golden Jubilee,nEEDWc,6
1906,Golden Jubilee,LQeiIL,6
1907,Golden Jubilee,J6V7J9,6
1908,Golden Jubilee,X9TS9Y,6
1909,Golden Jubilee,MIgvwz,6
1910,Golden Jubilee,9mY84n,6
1911,Golden Jubilee,KY9b4c,6
1912,Golden Jubilee,2qmCs8,6
1913,Golden Jubilee,SQOCG9,6
1914,Golden Jubilee,OZvDtL,6
1915,Golden Jubilee,jFhLQf,6
1916,Golden Jubilee,BF26Kd,6
1917,Golden Jubilee,qgt9bv,6
1918,Golden Jubilee,pFwahr,6
1919,Golden Jubilee,5WhZni,6
1920,Golden Jubilee,fC2TWe,6
1921,Golden Jubilee,YZCiaQ,6
1922,Golden Jubilee,JgJx7j,6
1923,Golden Jubilee,VESyTa,6
1924,Golden Jubilee,YvAvG4,6
1925,Golden Jubilee,bdcrOk,6
1926,Golden Jubilee,Oux0cK,6
1927,Golden Jubilee,5yFg7b,6
1928,Golden Jubilee,sf4wVo,6
1929,Golden Jubilee,DzrGP8,6
1930,Golden Jubilee,dzfRdi,6
1931,Golden Jubilee,IVDYyf,6
1932,Golden Jubilee,7tVUII,6
1933,Golden Jubilee,UYEhoG,6
1934,Golden Jubilee,2D6Bei,6
1935,Golden Jubilee,1DjeH4,6
1936,Golden Jubilee,tIdNCc,6
1937,Golden Jubilee,RzHBBv,6
1938,Golden Jubilee,afyM2Y,6
1939,Golden Jubilee,gCq093,6
1940,Golden Jubilee,OsAAos,6
1941,Golden Jubilee,KpTuDp,6
1942,Golden Jubilee,xDUzlK,6
1943,Golden Jubilee,lAdH8m,6
1944,Golden Jubilee,x39bMK,6
1945,Golden Jubilee,rI9jI1,6
1946,Golden Jubilee,daw47N,6
1947,Golden Jubilee,Pe0kwC,6
1948,Golden Jubilee,3NM73G,6
1949,Golden Jubilee,GrWXH1,6
1950,Golden Jubilee,C4OLmW,6
1951,Golden Jubilee,jUTaJ0,6
1952,Golden Jubilee,NSxFuQ,6
1953,Golden Jubilee,ynyPa5,6
1954,Golden Jubilee,H0JP06,6
1955,Golden Jubilee,Q0JtCX,6
1956,Golden Jubilee,zXReCw,6
1957,Golden Jubilee,iVeC4F,6
1958,Golden Jubilee,QyNtqp,6
1959,Golden Jubilee,5trYn2,6
1960,Golden Jubilee,afxHQi,6
1961,Golden Jubilee,iKI3d3,6
1962,Golden Jubilee,WCH86d,6
1963,Golden Jubilee,Xv32UV,6
1964,Golden Jubilee,k9Izgw,6
1965,Golden Jubilee,42fwRC,6
1966,Golden Jubilee,lrYhYF,6
1967,Golden Jubilee,okyhqv,6
1968,Golden Jubilee,YlzFHq,6
1969,Golden Jubilee,oltl4u,6
1970,Golden Jubilee,wi0Rum,6
1971,Golden Jubilee,rFKEOK,6
1972,Golden Jubilee,PzI83Q,6
1973,Golden Jubilee,TheG1i,6
1974,Golden Jubilee,9ii8Ne,6
1975,Golden Jubilee,7yQWf5,6
1976,Golden Jubilee,LU2JnH,6
1977,Golden Jubilee,tPTyx9,6
1978,Golden Jubilee,HFU6K7,6
1979,Golden Jubilee,BH1K2K,6
1980,Golden Jubilee,01ArTc,6
1981,Golden Jubilee,VpUBSz,6
1982,Golden Jubilee,LbDUBM,6
1983,Golden Jubilee,YQCyf7,6
1984,Golden Jubilee,c41ht0,6
1985,Golden Jubilee,bHqo0t,6
1986,Golden Jubilee,PQaFwe,6
1987,Golden Jubilee,Br1RLg,6
1988,Golden Jubilee,JmOmmQ,6
1989,Golden Jubilee,IrkVjg,6
1990,Golden Jubilee,Vi4OZz,6
1991,Golden Jubilee,MyS3jv,6
1992,Golden Jubilee,tY9RPQ,6
1993,Golden Jubilee,LZgxrJ,6
1994,Golden Jubilee,88Xpj1,6
1995,Golden Jubilee,IkaVqB,6
1996,Golden Jubilee,Zaz9g6,6
1997,Golden Jubilee,6iZVxo,6
1998,Golden Jubilee,i3aZEJ,6
1999,Golden Jubilee,wbxYr4,6
2000,Golden Jubilee,2uwTpC,6
2001,Golden Jubilee,bfgEMy,6
2002,Golden Jubilee,p4OjqB,6
2003,Golden Jubilee,DJWZul,6
2004,Golden Jubilee,wz8wjv,6
2005,Golden Jubilee,F4G0Sc,6
2006,Golden Jubilee,QorJlM,6
2007,Golden Jubilee,3SEbAo,6
2008,Golden Jubilee,MedZm4,6
2009,Golden Jubilee,ZHejao,6
2010,Golden Jubilee,UCJDLI,6
2011,Golden Jubilee,uS2Lmt,6
2012,Golden Jubilee,cENb4n,6
2013,Golden Jubilee,IZRQkg,6
2014,Golden Jubilee,DrEhkH,6
2015,Golden Jubilee,TqAAjh,6
2016,Golden Jubilee,FccTRo,6
2017,Golden Jubilee,GPsVTY,6
2018,Golden Jubilee,GE4aWN,6
2019,Golden Jubilee,zdo8FX,6
2020,Golden Jubilee,Ydv7iC,6
2021,Golden Jubilee,pA7q3H,6